OBJECTID,geodataEGISDATAbaltcityAREA,ACRES,HECTARES,Shape_Leng,ShapeSTArea
1,2562713392.43,58831.804,23808.482,207126.513062,2562713385.50348
